ID,Media,FS,Replicate,Time,Peptide_Value,Peptide
ES_1_000,B,FSA,1,0,21.758425,Med
ES_2_000,B,FSA,2,0,20.6141125,Med
ES_3_000,B,FSA,3,0,23.027075,Med
ES_4_000,B,FSA,4,0,12.4241375,Low
AR_1_000,AP,FSA,1,0,15.7676,Low
AR_2_000,AP,FSA,2,0,16.9111125,Low
AR_3_000,AP,FSA,3,0,14.7900375,Low
AR_4_000,AP,FSA,4,0,19.5660375,Med
HS_1_000,GP,FSA,1,0,35.145875,High
HS_2_000,GP,FSA,2,0,36.16175,High
HS_3_000,GP,FSA,3,0,30.2776125,Med
HS_4_000,GP,FSA,4,0,24.516275,Med
HG_1_000,GM,FSA,1,0,30.912775,Med
HG_2_000,GM,FSA,2,0,31.0320625,Med
HG_3_000,GM,FSA,3,0,36.802825,High
HG_4_000,GM,FSA,4,0,36.944475,High
ARM_1_000,AM,FSA,1,0,44.249325,High
ARM_2_000,AM,FSA,2,0,40.8862625,High
ARM_3_000,AM,FSA,3,0,46.1307625,High
ARM_4_000,AM,FSA,4,0,43.775975,High
BRM4IS_1_000,ILC,FSA,1,0,15.447925,Low
BRM4IS_2_000,ILC,FSA,2,0,14.177375,Low
BRM4IS_3_000,ILC,FSA,3,0,15.422025,Low
BRM4IS_4_000,ILC,FSA,4,0,14.84165,Low
ES_1_012,B,FSA,1,12,21.758425,Med
ES_2_012,B,FSA,2,12,20.6141125,Med
ES_3_012,B,FSA,3,12,23.027075,Med
ES_4_012,B,FSA,4,12,12.4241375,Low
AR_1_012,AP,FSA,1,12,15.7676,Low
AR_2_012,AP,FSA,2,12,16.9111125,Low
AR_3_012,AP,FSA,3,12,14.7900375,Low
AR_4_012,AP,FSA,4,12,19.5660375,Med
HS_1_012,GP,FSA,1,12,35.145875,High
HS_2_012,GP,FSA,2,12,36.16175,High
HS_3_012,GP,FSA,3,12,30.2776125,Med
HS_4_012,GP,FSA,4,12,24.516275,Med
HG_1_012,GM,FSA,1,12,30.912775,Med
HG_2_012,GM,FSA,2,12,31.0320625,Med
HG_3_012,GM,FSA,3,12,36.802825,High
HG_4_012,GM,FSA,4,12,36.944475,High
ARM_1_012,AM,FSA,1,12,44.249325,High
ARM_2_012,AM,FSA,2,12,40.8862625,High
ARM_3_012,AM,FSA,3,12,46.1307625,High
ARM_4_012,AM,FSA,4,12,43.775975,High
BRM4IS_1_012,ILC,FSA,1,12,15.447925,Low
BRM4IS_2_012,ILC,FSA,2,12,14.177375,Low
BRM4IS_3_012,ILC,FSA,3,12,15.422025,Low
BRM4IS_4_012,ILC,FSA,4,12,14.84165,Low
ES_1_024,B,FSA,1,24,21.758425,Med
ES_2_024,B,FSA,2,24,20.6141125,Med
ES_3_024,B,FSA,3,24,23.027075,Med
ES_4_024,B,FSA,4,24,12.4241375,Low
AR_1_024,AP,FSA,1,24,15.7676,Low
AR_2_024,AP,FSA,2,24,16.9111125,Low
AR_3_024,AP,FSA,3,24,14.7900375,Low
AR_4_024,AP,FSA,4,24,19.5660375,Med
HS_1_024,GP,FSA,1,24,35.145875,High
HS_2_024,GP,FSA,2,24,36.16175,High
HS_3_024,GP,FSA,3,24,30.2776125,Med
HS_4_024,GP,FSA,4,24,24.516275,Med
HG_1_024,GM,FSA,1,24,30.912775,Med
HG_2_024,GM,FSA,2,24,31.0320625,Med
HG_3_024,GM,FSA,3,24,36.802825,High
HG_4_024,GM,FSA,4,24,36.944475,High
ARM_1_024,AM,FSA,1,24,44.249325,High
ARM_2_024,AM,FSA,2,24,40.8862625,High
ARM_3_024,AM,FSA,3,24,46.1307625,High
ARM_4_024,AM,FSA,4,24,43.775975,High
BRM4IS_1_024,ILC,FSA,1,24,15.447925,Low
BRM4IS_2_024,ILC,FSA,2,24,14.177375,Low
BRM4IS_3_024,ILC,FSA,3,24,15.422025,Low
BRM4IS_4_024,ILC,FSA,4,24,14.84165,Low
ES_1_036,B,FSA,1,36,21.758425,Med
ES_2_036,B,FSA,2,36,20.6141125,Med
ES_3_036,B,FSA,3,36,23.027075,Med
ES_4_036,B,FSA,4,36,12.4241375,Low
AR_1_036,AP,FSA,1,36,15.7676,Low
AR_2_036,AP,FSA,2,36,16.9111125,Low
AR_3_036,AP,FSA,3,36,14.7900375,Low
AR_4_036,AP,FSA,4,36,19.5660375,Med
HS_1_036,GP,FSA,1,36,35.145875,High
HS_2_036,GP,FSA,2,36,36.16175,High
HS_3_036,GP,FSA,3,36,30.2776125,Med
HS_4_036,GP,FSA,4,36,24.516275,Med
HG_1_036,GM,FSA,1,36,30.912775,Med
HG_2_036,GM,FSA,2,36,31.0320625,Med
HG_3_036,GM,FSA,3,36,36.802825,High
HG_4_036,GM,FSA,4,36,36.944475,High
ARM_1_036,AM,FSA,1,36,44.249325,High
ARM_2_036,AM,FSA,2,36,40.8862625,High
ARM_3_036,AM,FSA,3,36,46.1307625,High
ARM_4_036,AM,FSA,4,36,43.775975,High
BRM4IS_1_036,ILC,FSA,1,36,15.447925,Low
BRM4IS_2_036,ILC,FSA,2,36,14.177375,Low
BRM4IS_3_036,ILC,FSA,3,36,15.422025,Low
BRM4IS_4_036,ILC,FSA,4,36,14.84165,Low
ES_1_048,B,FSA,1,48,21.758425,Med
ES_2_048,B,FSA,2,48,20.6141125,Med
ES_3_048,B,FSA,3,48,23.027075,Med
ES_4_048,B,FSA,4,48,12.4241375,Low
AR_1_048,AP,FSA,1,48,15.7676,Low
AR_2_048,AP,FSA,2,48,16.9111125,Low
AR_3_048,AP,FSA,3,48,14.7900375,Low
AR_4_048,AP,FSA,4,48,19.5660375,Med
HS_1_048,GP,FSA,1,48,35.145875,High
HS_2_048,GP,FSA,2,48,36.16175,High
HS_3_048,GP,FSA,3,48,30.2776125,Med
HS_4_048,GP,FSA,4,48,24.516275,Med
HG_1_048,GM,FSA,1,48,30.912775,Med
HG_2_048,GM,FSA,2,48,31.0320625,Med
HG_3_048,GM,FSA,3,48,36.802825,High
HG_4_048,GM,FSA,4,48,36.944475,High
ARM_1_048,AM,FSA,1,48,44.249325,High
ARM_2_048,AM,FSA,2,48,40.8862625,High
ARM_3_048,AM,FSA,3,48,46.1307625,High
ARM_4_048,AM,FSA,4,48,43.775975,High
BRM4IS_1_048,ILC,FSA,1,48,15.447925,Low
BRM4IS_2_048,ILC,FSA,2,48,14.177375,Low
BRM4IS_3_048,ILC,FSA,3,48,15.422025,Low
BRM4IS_4_048,ILC,FSA,4,48,14.84165,Low
ES_1_060,B,FSA,1,60,21.758425,Med
ES_2_060,B,FSA,2,60,20.6141125,Med
ES_3_060,B,FSA,3,60,23.027075,Med
ES_4_060,B,FSA,4,60,12.4241375,Low
AR_1_060,AP,FSA,1,60,15.7676,Low
AR_2_060,AP,FSA,2,60,16.9111125,Low
AR_3_060,AP,FSA,3,60,14.7900375,Low
AR_4_060,AP,FSA,4,60,19.5660375,Med
HS_1_060,GP,FSA,1,60,35.145875,High
HS_2_060,GP,FSA,2,60,36.16175,High
HS_3_060,GP,FSA,3,60,30.2776125,Med
HS_4_060,GP,FSA,4,60,24.516275,Med
HG_1_060,GM,FSA,1,60,30.912775,Med
HG_2_060,GM,FSA,2,60,31.0320625,Med
HG_3_060,GM,FSA,3,60,36.802825,High
HG_4_060,GM,FSA,4,60,36.944475,High
ARM_1_060,AM,FSA,1,60,44.249325,High
ARM_2_060,AM,FSA,2,60,40.8862625,High
ARM_3_060,AM,FSA,3,60,46.1307625,High
ARM_4_060,AM,FSA,4,60,43.775975,High
BRM4IS_1_060,ILC,FSA,1,60,15.447925,Low
BRM4IS_2_060,ILC,FSA,2,60,14.177375,Low
BRM4IS_3_060,ILC,FSA,3,60,15.422025,Low
BRM4IS_4_060,ILC,FSA,4,60,14.84165,Low
ES_1_072,B,FSA,1,72,21.758425,Med
ES_2_072,B,FSA,2,72,20.6141125,Med
ES_3_072,B,FSA,3,72,23.027075,Med
ES_4_072,B,FSA,4,72,12.4241375,Low
AR_1_072,AP,FSA,1,72,15.7676,Low
AR_2_072,AP,FSA,2,72,16.9111125,Low
HS_1_072,GP,FSA,1,72,14.7900375,Low
HS_2_072,GP,FSA,2,72,19.5660375,Med
HS_3_072,GP,FSA,3,72,35.145875,High
HS_4_072,GP,FSA,4,72,36.16175,High
AR_3_072,AP,FSA,3,72,30.2776125,Med
AR_4_072,AP,FSA,4,72,24.516275,Med
HG_1_072,GM,FSA,1,72,30.912775,Med
HG_2_072,GM,FSA,2,72,31.0320625,Med
HG_3_072,GM,FSA,3,72,36.802825,High
HG_4_072,GM,FSA,4,72,36.944475,High
ARM_1_072,AM,FSA,1,72,44.249325,High
ARM_2_072,AM,FSA,2,72,40.8862625,High
BRM4IS_1_072,ILC,FSA,1,72,46.1307625,High
BRM4IS_2_072,ILC,FSA,2,72,43.775975,High
BRM4IS_3_072,ILC,FSA,3,72,15.447925,Low
BRM4IS_4_072,ILC,FSA,4,72,14.177375,Low
ARM_3_072,AM,FSA,3,72,15.422025,Low
ARM_4_072,AM,FSA,4,72,14.84165,Low
ES_1_084,B,FSA,1,84,21.758425,Med
ES_2_084,B,FSA,2,84,20.6141125,Med
ES_3_084,B,FSA,3,84,23.027075,Med
ES_4_084,B,FSA,4,84,12.4241375,Low
AR_1_084,AP,FSA,1,84,15.7676,Low
AR_2_084,AP,FSA,2,84,16.9111125,Low
AR_3_084,AP,FSA,3,84,14.7900375,Low
AR_4_084,AP,FSA,4,84,19.5660375,Med
HS_1_084,GP,FSA,1,84,35.145875,High
HS_2_084,GP,FSA,2,84,36.16175,High
HS_3_084,GP,FSA,3,84,30.2776125,Med
HS_4_084,GP,FSA,4,84,24.516275,Med
HG_1_084,GM,FSA,1,84,30.912775,Med
HG_2_084,GM,FSA,2,84,31.0320625,Med
HG_3_084,GM,FSA,3,84,36.802825,High
HG_4_084,GM,FSA,4,84,36.944475,High
ARM_1_084,AM,FSA,1,84,44.249325,High
ARM_2_084,AM,FSA,2,84,40.8862625,High
ARM_3_084,AM,FSA,3,84,46.1307625,High
ARM_4_084,AM,FSA,4,84,43.775975,High
BRM4IS_1_084,ILC,FSA,1,84,15.447925,Low
BRM4IS_2_084,ILC,FSA,2,84,14.177375,Low
BRM4IS_3_084,ILC,FSA,3,84,15.422025,Low
BRM4IS_4_084,ILC,FSA,4,84,14.84165,Low
ES_1_096,B,FSA,1,96,21.758425,Med
ES_2_096,B,FSA,2,96,20.6141125,Med
ES_3_096,B,FSA,3,96,23.027075,Med
ES_4_096,B,FSA,4,96,12.4241375,Low
AR_1_096,AP,FSA,1,96,15.7676,Low
AR_2_096,AP,FSA,2,96,16.9111125,Low
AR_3_096,AP,FSA,3,96,14.7900375,Low
AR_4_096,AP,FSA,4,96,19.5660375,Med
HS_1_096,GP,FSA,1,96,35.145875,High
HS_2_096,GP,FSA,2,96,36.16175,High
HS_3_096,GP,FSA,3,96,30.2776125,Med
HS_4_096,GP,FSA,4,96,24.516275,Med
HG_1_096,GM,FSA,1,96,30.912775,Med
HG_2_096,GM,FSA,2,96,31.0320625,Med
HG_3_096,GM,FSA,3,96,36.802825,High
HG_4_096,GM,FSA,4,96,36.944475,High
ARM_1_096,AM,FSA,1,96,44.249325,High
ARM_2_096,AM,FSA,2,96,40.8862625,High
ARM_3_096,AM,FSA,3,96,46.1307625,High
ARM_4_096,AM,FSA,4,96,43.775975,High
BRM4IS_1_096,ILC,FSA,1,96,15.447925,Low
BRM4IS_2_096,ILC,FSA,2,96,14.177375,Low
BRM4IS_3_096,ILC,FSA,3,96,15.422025,Low
BRM4IS_4_096,ILC,FSA,4,96,14.84165,Low
ES_1_108,B,FSA,1,108,21.758425,Med
ES_2_108,B,FSA,2,108,20.6141125,Med
ES_3_108,B,FSA,3,108,23.027075,Med
ES_4_108,B,FSA,4,108,12.4241375,Low
AR_1_108,AP,FSA,1,108,15.7676,Low
AR_2_108,AP,FSA,2,108,16.9111125,Low
AR_3_108,AP,FSA,3,108,14.7900375,Low
AR_4_108,AP,FSA,4,108,19.5660375,Med
HS_1_108,GP,FSA,1,108,35.145875,High
HS_2_108,GP,FSA,2,108,36.16175,High
HS_3_108,GP,FSA,3,108,30.2776125,Med
HS_4_108,GP,FSA,4,108,24.516275,Med
HG_1_108,GM,FSA,1,108,30.912775,Med
HG_2_108,GM,FSA,2,108,31.0320625,Med
HG_3_108,GM,FSA,3,108,36.802825,High
HG_4_108,GM,FSA,4,108,36.944475,High
ARM_1_108,AM,FSA,1,108,44.249325,High
ARM_2_108,AM,FSA,2,108,40.8862625,High
ARM_3_108,AM,FSA,3,108,46.1307625,High
ARM_4_108,AM,FSA,4,108,43.775975,High
BRM4IS_1_108,ILC,FSA,1,108,15.447925,Low
BRM4IS_2_108,ILC,FSA,2,108,14.177375,Low
BRM4IS_3_108,ILC,FSA,3,108,15.422025,Low
BRM4IS_4_108,ILC,FSA,4,108,14.84165,Low
ES_1_120,B,FSA,1,120,21.758425,Med
ES_2_120,B,FSA,2,120,20.6141125,Med
ES_3_120,B,FSA,3,120,23.027075,Med
ES_4_120,B,FSA,4,120,12.4241375,Low
AR_1_120,AP,FSA,1,120,15.7676,Low
AR_2_120,AP,FSA,2,120,16.9111125,Low
AR_3_120,AP,FSA,3,120,14.7900375,Low
AR_4_120,AP,FSA,4,120,19.5660375,Med
HS_1_120,GP,FSA,1,120,35.145875,High
HS_2_120,GP,FSA,2,120,36.16175,High
HS_3_120,GP,FSA,3,120,30.2776125,Med
HS_4_120,GP,FSA,4,120,24.516275,Med
HG_1_120,GM,FSA,1,120,30.912775,Med
HG_2_120,GM,FSA,2,120,31.0320625,Med
HG_3_120,GM,FSA,3,120,36.802825,High
HG_4_120,GM,FSA,4,120,36.944475,High
ARM_1_120,AM,FSA,1,120,44.249325,High
ARM_2_120,AM,FSA,2,120,40.8862625,High
ARM_3_120,AM,FSA,3,120,46.1307625,High
ARM_4_120,AM,FSA,4,120,43.775975,High
BRM4IS_1_120,ILC,FSA,1,120,15.447925,Low
BRM4IS_2_120,ILC,FSA,2,120,14.177375,Low
BRM4IS_3_120,ILC,FSA,3,120,15.422025,Low
BRM4IS_4_120,ILC,FSA,4,120,14.84165,Low
ES_1_132,B,FSA,1,132,21.758425,Med
ES_2_132,B,FSA,2,132,20.6141125,Med
ES_3_132,B,FSA,3,132,23.027075,Med
ES_4_132,B,FSA,4,132,12.4241375,Low
AR_1_132,AP,FSA,1,132,15.7676,Low
AR_2_132,AP,FSA,2,132,16.9111125,Low
AR_3_132,AP,FSA,3,132,14.7900375,Low
AR_4_132,AP,FSA,4,132,19.5660375,Med
HS_1_132,GP,FSA,1,132,35.145875,High
HS_2_132,GP,FSA,2,132,36.16175,High
HS_3_132,GP,FSA,3,132,30.2776125,Med
HS_4_132,GP,FSA,4,132,24.516275,Med
HG_1_132,GM,FSA,1,132,30.912775,Med
HG_2_132,GM,FSA,2,132,31.0320625,Med
HG_3_132,GM,FSA,3,132,36.802825,High
HG_4_132,GM,FSA,4,132,36.944475,High
ARM_1_132,AM,FSA,1,132,44.249325,High
ARM_2_132,AM,FSA,2,132,40.8862625,High
BRM4IS_3_132,ILC,FSA,3,132,15.447925,Low
BRM4IS_4_132,ILC,FSA,4,132,14.177375,Low
BRM4IS_1_132,ILC,FSA,1,132,15.422025,Low
BRM4IS_2_132,ILC,FSA,2,132,14.84165,Low
MockCoBRM4unity3,MockCommunity3,FSA,NA,NA,,
NC_3,NC,FSA,NA,NA,,
ES_1_144,B,FSA,1,144,21.758425,Med
ES_2_144,B,FSA,2,144,20.6141125,Med
ES_3_144,B,FSA,3,144,23.027075,Med
ES_4_144,B,FSA,4,144,12.4241375,Low
AR_1_144,AP,FSA,1,144,15.7676,Low
AR_2_144,AP,FSA,2,144,16.9111125,Low
HS_1_144,GP,FSA,1,144,14.7900375,Low
HS_2_144,GP,FSA,2,144,19.5660375,Med
HS_3_144,GP,FSA,3,144,35.145875,High
HS_4_144,GP,FSA,4,144,36.16175,High
AR_3_144,AP,FSA,3,144,30.2776125,Med
AR_4_144,AP,FSA,4,144,24.516275,Med
HG_1_144,GM,FSA,1,144,30.912775,Med
HG_2_144,GM,FSA,2,144,31.0320625,Med
HG_3_144,GM,FSA,3,144,36.802825,High
HG_4_144,GM,FSA,4,144,36.944475,High
ARM_1_144,AM,FSA,1,144,44.249325,High
ARM_2_144,AM,FSA,2,144,40.8862625,High
BRM4IS_1_144,ILC,FSA,1,144,15.447925,Low
BRM4IS_2_144,ILC,FSA,2,144,14.177375,Low
BRM4IS_3_144,ILC,FSA,3,144,15.422025,Low
BRM4IS_4_144,ILC,FSA,4,144,14.84165,Low
ARM_3_144,AM,FSA,3,144,46.1307625,High
ARM_4_144,AM,FSA,4,144,43.775975,High
ES_1_156,B,FSA,1,156,21.758425,Med
ES_2_156,B,FSA,2,156,20.6141125,Med
ES_3_156,B,FSA,3,156,23.027075,Med
ES_4_156,B,FSA,4,156,12.4241375,Low
AR_1_156,AP,FSA,1,156,15.7676,Low
AR_2_156,AP,FSA,2,156,16.9111125,Low
AR_3_156,AP,FSA,3,156,14.7900375,Low
AR_4_156,AP,FSA,4,156,19.5660375,Med
HS_1_156,GP,FSA,1,156,35.145875,High
HS_2_156,GP,FSA,2,156,36.16175,High
HS_3_156,GP,FSA,3,156,30.2776125,Med
HS_4_156,GP,FSA,4,156,24.516275,Med
HG_1_156,GM,FSA,1,156,30.912775,Med
HG_2_156,GM,FSA,2,156,31.0320625,Med
HG_3_156,GM,FSA,3,156,36.802825,High
HG_4_156,GM,FSA,4,156,36.944475,High
ARM_1_156,AM,FSA,1,156,44.249325,High
ARM_2_156,AM,FSA,2,156,40.8862625,High
ARM_3_156,AM,FSA,3,156,46.1307625,High
ARM_4_156,AM,FSA,4,156,43.775975,High
BRM4IS_1_156,ILC,FSA,1,156,15.447925,Low
BRM4IS_2_156,ILC,FSA,2,156,14.177375,Low
BRM4IS_3_156,ILC,FSA,3,156,15.422025,Low
BRM4IS_4_156,ILC,FSA,4,156,14.84165,Low
ES_1_168,B,FSA,1,168,21.758425,Med
ES_2_168,B,FSA,2,168,20.6141125,Med
ES_3_168,B,FSA,3,168,23.027075,Med
ES_4_168,B,FSA,4,168,12.4241375,Low
AR_1_168,AP,FSA,1,168,15.7676,Low
AR_2_168,AP,FSA,2,168,16.9111125,Low
AR_3_168,AP,FSA,3,168,14.7900375,Low
AR_4_168,AP,FSA,4,168,19.5660375,Med
HS_1_168,GP,FSA,1,168,35.145875,High
HS_2_168,GP,FSA,2,168,36.16175,High
HS_3_168,GP,FSA,3,168,30.2776125,Med
HS_4_168,GP,FSA,4,168,24.516275,Med
HG_1_168,GM,FSA,1,168,30.912775,Med
HG_2_168,GM,FSA,2,168,31.0320625,Med
HG_3_168,GM,FSA,3,168,36.802825,High
HG_4_168,GM,FSA,4,168,36.944475,High
ARM_1_168,AM,FSA,1,168,44.249325,High
ARM_2_168,AM,FSA,2,168,40.8862625,High
ARM_3_168,AM,FSA,3,168,46.1307625,High
ARM_4_168,AM,FSA,4,168,43.775975,High
BRM4IS_1_168,ILC,FSA,1,168,15.447925,Low
BRM4IS_2_168,ILC,FSA,2,168,14.177375,Low
BRM4IS_3_168,ILC,FSA,3,168,15.422025,Low
BRM4IS_4_168,ILC,FSA,4,168,14.84165,Low
ES_1_180,B,FSA,1,180,21.758425,Med
ES_2_180,B,FSA,2,180,20.6141125,Med
ES_3_180,B,FSA,3,180,23.027075,Med
ES_4_180,B,FSA,4,180,12.4241375,Low
AR_1_180,AP,FSA,1,180,15.7676,Low
AR_2_180,AP,FSA,2,180,16.9111125,Low
AR_3_180,AP,FSA,3,180,14.7900375,Low
AR_4_180,AP,FSA,4,180,19.5660375,Med
HS_1_180,GP,FSA,1,180,35.145875,High
HS_2_180,GP,FSA,2,180,36.16175,High
HS_3_180,GP,FSA,3,180,30.2776125,Med
HS_4_180,GP,FSA,4,180,24.516275,Med
HG_1_180,GM,FSA,1,180,30.912775,Med
HG_2_180,GM,FSA,2,180,31.0320625,Med
HG_3_180,GM,FSA,3,180,36.802825,High
HG_4_180,GM,FSA,4,180,36.944475,High
ARM_1_180,AM,FSA,1,180,44.249325,High
ARM_2_180,AM,FSA,2,180,40.8862625,High
ARM_3_180,AM,FSA,3,180,46.1307625,High
ARM_4_180,AM,FSA,4,180,43.775975,High
BRM4IS_1_180,ILC,FSA,1,180,15.447925,Low
BRM4IS_2_180,ILC,FSA,2,180,14.177375,Low
MockCoBRM4unity4_NA_NA,MockCommunity4,NA,NA,NA,,
NC_4,NC,NA,4,NA,,
ARM_3_132,AM,FSA,3,132,46.1307625,High
ARM_4_132,AM,FSA,4,132,43.775975,High
BRM4IS_3_180,ILC,FSA,3,180,15.422025,Low
BRM4IS_4_180,ILC,FSA,4,180,14.84165,Low
NC_5,NC,NA,NA,NA,,
MockCoBRM4unity5,MockCommunity5,NA,NA,NA,,
Empty1,Empty1,NA,NA,NA,,
Empty2,Empty2,NA,NA,NA,,
Empty3,Empty3,NA,NA,NA,,
Empty4,Empty4,NA,NA,NA,,
Empty5,Empty5,NA,NA,NA,,
Empty6,Empty6,NA,NA,NA,,
Undetermined,Undetermined,NA,NA,NA,,
FS17_BRM3A_D01,NS,FSA,A,24,,
FS17_BRM3B_D01,NS,FSA,B,24,,
FS17_BRM4A_D01,MM,FSA,A,24,,
FS17_BRM4B_D01,MM,FSA,B,24,,
FS17_BRM4C_D01,MM,FSA,C,24,,
FS17_BRM4IA_D01,IL,FSA,A,24,,
FS17_BRM4IB_D01,IL,FSA,B,24,,
FS17_BRM4IC_D01,IL,FSA,C,24,,
FS18_BRM3A_D01,NS,FSB,A,24,,
FS18_BRM3B_D01,NS,FSB,B,24,,
FS18_BRM3C_D01,NS,FSB,C,24,,
FS18_BRM4A_D01,MM,FSB,A,24,,
FS18_BRM4B_D01,MM,FSB,B,24,,
FS18_BRM4C_D01,MM,FSB,C,24,,
FS18_BRM4IA_D01,IL,FSB,A,24,,
FS18_BRM4IB_D01,IL,FSB,B,24,,
FS18_BRM4IC_D01,IL,FSB,C,24,,
FS18_BRM5A_D01,5MM,FSB,A,24,,
FS18_BRM5B_D01,5MM,FSB,B,24,,
FS18_BRM5C_D01,5MM,FSB,C,24,,
FS17_BRM3A_D02,NS,FSA,A,48,,
FS17_BRM3B_D02,NS,FSA,B,48,,
FS17_BRM4A_D02,MM,FSA,A,48,,
FS17_BRM4B_D02,MM,FSA,B,48,,
FS17_BRM4C_D02,MM,FSA,C,48,,
FS17_BRM4IA_D02,IL,FSA,A,48,,
FS17_BRM4IB_D02,IL,FSA,B,48,,
FS17_BRM4IC_D02,IL,FSA,C,48,,
FS18_BRM3A_D02,NS,FSB,A,48,,
FS18_BRM3B_D02,NS,FSB,B,48,,
FS18_BRM3C_D02,NS,FSB,C,48,,
FS18_BRM4A_D02,MM,FSB,A,48,,
FS18_BRM4B_D02,MM,FSB,B,48,,
FS18_BRM4C_D02,MM,FSB,C,48,,
FS18_BRM4IA_D02,IL,FSB,A,48,,
FS18_BRM4IB_D02,IL,FSB,B,48,,
FS18_BRM4IC_D02,IL,FSB,C,48,,
FS18_BRM5A_D02,5MM,FSB,A,48,,
FS18_BRM5B_D02,5MM,FSB,B,48,,
FS18_BRM5C_D02,5MM,FSB,C,48,,
FS17_BRM3A_D03,NS,FSA,A,72,,
FS17_BRM3B_D03,NS,FSA,B,72,,
FS17_BRM4A_D03,MM,FSA,A,72,,
FS17_BRM4B_D03,MM,FSA,B,72,,
FS17_BRM4C_D03,MM,FSA,C,72,,
FS17_BRM4IA_D03,IL,FSA,A,72,,
FS17_BRM4IB_D03,IL,FSA,B,72,,
FS17_BRM4IC_D03,IL,FSA,C,72,,
FS18_BRM3A_D03,NS,FSB,A,72,,
FS18_BRM3B_D03,NS,FSB,B,72,,
FS18_BRM3C_D03,NS,FSB,C,72,,
FS18_BRM4A_D03,MM,FSB,A,72,,
FS18_BRM4B_D03,MM,FSB,B,72,,
FS18_BRM4C_D03,MM,FSB,C,72,,
FS18_BRM4IA_D03,IL,FSB,A,72,,
FS18_BRM4IB_D03,IL,FSB,B,72,,
FS18_BRM4IC_D03,IL,FSB,C,72,,
FS18_BRM5A_D03,5MM,FSB,A,72,,
FS18_BRM5B_D03,5MM,FSB,B,72,,
FS18_BRM5C_D03,5MM,FSB,C,72,,
FS17_BRM3A_D04,NS,FSA,A,96,,
FS17_BRM3B_D04,NS,FSA,B,96,,
FS17_BRM4A_D04,MM,FSA,A,96,,
FS17_BRM4B_D04,MM,FSA,B,96,,
FS17_BRM4C_D04,MM,FSA,C,96,,
FS17_BRM4IA_D04,IL,FSA,A,96,,
FS17_BRM4IB_D04,IL,FSA,B,96,,
FS17_BRM4IC_D04,IL,FSA,C,96,,
FS18_BRM3A_D04,NS,FSB,A,96,,
FS18_BRM3B_D04,NS,FSB,B,96,,
FS18_BRM3C_D04,NS,FSB,C,96,,
FS18_BRM4A_D04,MM,FSB,A,96,,
FS18_BRM4B_D04,MM,FSB,B,96,,
FS18_BRM4C_D04,MM,FSB,C,96,,
FS18_BRM4IA_D04,IL,FSB,A,96,,
FS18_BRM4IB_D04,IL,FSB,B,96,,
FS18_BRM4IC_D04,IL,FSB,C,96,,
FS18_BRM5A_D04,5MM,FSB,A,96,,
FS18_BRM5B_D04,5MM,FSB,B,96,,
FS18_BRM5C_D04,5MM,FSB,C,96,,
FS17_BRM3A_D05,NS,FSA,A,120,,
FS17_BRM3B_D05,NS,FSA,B,120,,
FS17_BRM4A_D05,MM,FSA,A,120,,
FS17_BRM4B_D05,MM,FSA,B,120,,
FS17_BRM4C_D05,MM,FSA,C,120,,
FS17_BRM4IA_D05,IL,FSA,A,120,,
FS17_BRM4IB_D05,IL,FSA,B,120,,
FS17_BRM4IC_D05,IL,FSA,C,120,,
FS18_BRM3A_D05,NS,FSB,A,120,,
FS18_BRM3B_D05,NS,FSB,B,120,,
FS18_BRM3C_D05,NS,FSB,C,120,,
FS18_BRM4A_D05,MM,FSB,A,120,,
FS18_BRM4B_D05,MM,FSB,B,120,,
FS18_BRM4C_D05,MM,FSB,C,120,,
FS18_BRM4IA_D05,IL,FSB,A,120,,
FS18_BRM4IB_D05,IL,FSB,B,120,,
FS18_BRM4IC_D05,IL,FSB,C,120,,
FS18_BRM5A_D05,5MM,FSB,A,120,,
FS18_BRM5B_D05,5MM,FSB,B,120,,
FS18_BRM5C_D05,5MM,FSB,C,120,,
FS17_BRM3A_D06,NS,FSA,A,144,,
FS17_BRM3B_D06,NS,FSA,B,144,,
FS17_BRM4A_D06,MM,FSA,A,144,,
FS17_BRM4B_D06,MM,FSA,B,144,,
FS17_BRM4C_D06,MM,FSA,C,144,,
FS17_BRM4IA_D06,IL,FSA,A,144,,
FS17_BRM4IB_D06,IL,FSA,B,144,,
FS17_BRM4IC_D06,IL,FSA,C,144,,
FS18_BRM3A_D06,NS,FSB,A,144,,
FS18_BRM3B_D06,NS,FSB,B,144,,
FS18_BRM3C_D06,NS,FSB,C,144,,
FS18_BRM4A_D06,MM,FSB,A,144,,
FS18_BRM4B_D06,MM,FSB,B,144,,
FS18_BRM4C_D06,MM,FSB,C,144,,
FS18_BRM4IA_D06,IL,FSB,A,144,,
FS18_BRM4IB_D06,IL,FSB,B,144,,
FS18_BRM4IC_D06,IL,FSB,C,144,,
FS18_BRM5A_D06,5MM,FSB,A,144,,
FS18_BRM5B_D06,5MM,FSB,B,144,,
FS18_BRM5C_D06,5MM,FSB,C,144,,
FS17_BRM3A_D07,NS,FSA,A,168,,
FS17_BRM3B_D07,NS,FSA,B,168,,
FS17_BRM4A_D07,MM,FSA,A,168,,
FS17_BRM4B_D07,MM,FSA,B,168,,
FS17_BRM4C_D07,MM,FSA,C,168,,
FS17_BRM4IA_D07,IL,FSA,A,168,,
FS17_BRM4IB_D07,IL,FSA,B,168,,
FS17_BRM4IC_D07,IL,FSA,C,168,,
FS18_BRM3A_D07,NS,FSB,A,168,,
FS18_BRM3B_D07,NS,FSB,B,168,,
FS18_BRM3C_D07,NS,FSB,C,168,,
FS18_BRM4A_D07,MM,FSB,A,168,,
FS18_BRM4B_D07,MM,FSB,B,168,,
FS18_BRM4C_D07,MM,FSB,C,168,,
FS18_BRM4IA_D07,IL,FSB,A,168,,
FS18_BRM4IB_D07,IL,FSB,B,168,,
FS18_BRM4IC_D07,IL,FSB,C,168,,
FS18_BRM5A_D07,5MM,FSB,A,168,,
FS18_BRM5B_D07,5MM,FSB,B,168,,
FS18_BRM5C_D07,5MM,FSB,C,168,,
FS17_BRM3A_D08,NS,FSA,A,192,,
FS17_BRM3B_D08,NS,FSA,B,192,,
FS17_BRM4A_D08,MM,FSA,A,192,,
FS17_BRM4B_D08,MM,FSA,B,192,,
FS17_BRM4C_D08,MM,FSA,C,192,,
FS17_BRM4IA_D08,IL,FSA,A,192,,
FS17_BRM4IB_D08,IL,FSA,B,192,,
FS17_BRM4IC_D08,IL,FSA,C,192,,
FS18_BRM3A_D08,NS,FSB,A,192,,
FS18_BRM3B_D08,NS,FSB,B,192,,
FS18_BRM3C_D08,NS,FSB,C,192,,
FS18_BRM4A_D08,MM,FSB,A,192,,
FS18_BRM4B_D08,MM,FSB,B,192,,
FS18_BRM4C_D08,MM,FSB,C,192,,
FS18_BRM4IA_D08,IL,FSB,A,192,,
FS18_BRM4IB_D08,IL,FSB,B,192,,
FS18_BRM4IC_D08,IL,FSB,C,192,,
FS18_BRM5A_D08,5MM,FSB,A,192,,
FS18_BRM5B_D08,5MM,FSB,B,192,,
FS18_BRM5C_D08,5MM,FSB,C,192,,
FS17_BRM3A_D09,NS,FSA,A,216,,
FS17_BRM3B_D09,NS,FSA,B,216,,
FS17_BRM4A_D09,MM,FSA,A,216,,
FS17_BRM4B_D09,MM,FSA,B,216,,
FS17_BRM4C_D09,MM,FSA,C,216,,
FS17_BRM4IA_D09,IL,FSA,A,216,,
FS17_BRM4IB_D09,IL,FSA,B,216,,
FS17_BRM4IC_D09,IL,FSA,C,216,,
FS18_BRM3A_D09,NS,FSB,A,216,,
FS18_BRM3B_D09,NS,FSB,B,216,,
FS18_BRM3C_D09,NS,FSB,C,216,,
FS18_BRM4A_D09,MM,FSB,A,216,,
FS18_BRM4B_D09,MM,FSB,B,216,,
FS18_BRM4C_D09,MM,FSB,C,216,,
FS18_BRM4IA_D09,IL,FSB,A,216,,
FS18_BRM4IB_D09,IL,FSB,B,216,,
FS18_BRM4IC_D09,IL,FSB,C,216,,
FS18_BRM5A_D09,5MM,FSB,A,216,,
FS18_BRM5B_D09,5MM,FSB,B,216,,
FS18_BRM5C_D09,5MM,FSB,C,216,,
FS17_BRM3A_D10,NS,FSA,A,240,,
FS17_BRM3B_D10,NS,FSA,B,240,,
FS17_BRM4A_D10,MM,FSA,A,240,,
FS17_BRM4B_D10,MM,FSA,B,240,,
FS17_BRM4C_D10,MM,FSA,C,240,,
FS17_BRM4IA_D10,IL,FSA,A,240,,
FS17_BRM4IB_D10,IL,FSA,B,240,,
FS17_BRM4IC_D10,IL,FSA,C,240,,
FS18_BRM3A_D10,NS,FSB,A,240,,
FS18_BRM3B_D10,NS,FSB,B,240,,
FS18_BRM3C_D10,NS,FSB,C,240,,
FS18_BRM4A_D10,MM,FSB,A,240,,
FS18_BRM4B_D10,MM,FSB,B,240,,
FS18_BRM4C_D10,MM,FSB,C,240,,
FS18_BRM4IA_D10,IL,FSB,A,240,,
FS18_BRM4IB_D10,IL,FSB,B,240,,
FS18_BRM4IC_D10,IL,FSB,C,240,,
FS18_BRM5A_D10,5MM,FSB,A,240,,
FS18_BRM5B_D10,5MM,FSB,B,240,,
FS18_BRM5C_D10,5MM,FSB,C,240,,
FS17_BRM3A_D11,NS,FSA,A,264,,
FS17_BRM3B_D11,NS,FSA,B,264,,
FS17_BRM4A_D11,MM,FSA,A,264,,
FS17_BRM4B_D11,MM,FSA,B,264,,
FS17_BRM4C_D11,MM,FSA,C,264,,
FS17_BRM4IA_D11,IL,FSA,A,264,,
FS17_BRM4IB_D11,IL,FSA,B,264,,
FS17_BRM4IC_D11,IL,FSA,C,264,,
FS18_BRM3A_D11,NS,FSB,A,264,,
FS18_BRM3B_D11,NS,FSB,B,264,,
FS18_BRM3C_D11,NS,FSB,C,264,,
FS18_BRM4A_D11,MM,FSB,A,264,,
FS18_BRM4B_D11,MM,FSB,B,264,,
FS18_BRM4C_D11,MM,FSB,C,264,,
FS18_BRM4IA_D11,IL,FSB,A,264,,
FS18_BRM4IB_D11,IL,FSB,B,264,,
FS18_BRM4IC_D11,IL,FSB,C,264,,
FS18_BRM5A_D11,5MM,FSB,A,264,,
FS18_BRM5B_D11,5MM,FSB,B,264,,
FS18_BRM5C_D11,5MM,FSB,C,264,,
FS17_BRM3A_D12,NS,FSA,A,288,,
FS17_BRM3B_D12,NS,FSA,B,288,,
FS17_BRM4A_D12,MM,FSA,A,288,,
FS17_BRM4B_D12,MM,FSA,B,288,,
FS17_BRM4C_D12,MM,FSA,C,288,,
FS17_BRM4IA_D12,IL,FSA,A,288,,
FS17_BRM4IB_D12,IL,FSA,B,288,,
FS17_BRM4IC_D12,IL,FSA,C,288,,
FS18_BRM3A_D12,NS,FSB,A,288,,
FS18_BRM3B_D12,NS,FSB,B,288,,
FS18_BRM3C_D12,NS,FSB,C,288,,
FS18_BRM4A_D12,MM,FSB,A,288,,
FS18_BRM4B_D12,MM,FSB,B,288,,
FS18_BRM4C_D12,MM,FSB,C,288,,
FS18_BRM4IA_D12,IL,FSB,A,288,,
FS18_BRM4IB_D12,IL,FSB,B,288,,
FS18_BRM4IC_D12,IL,FSB,C,288,,
FS18_BRM5A_D12,5MM,FSB,A,288,,
FS18_BRM5B_D12,5MM,FSB,B,288,,
FS18_BRM5C_D12,5MM,FSB,C,288,,
FS17_BRM3A_D13,NS,FSA,A,312,,
FS17_BRM3B_D13,NS,FSA,B,312,,
FS17_BRM4A_D13,MM,FSA,A,312,,
FS17_BRM4B_D13,MM,FSA,B,312,,
FS17_BRM4C_D13,MM,FSA,C,312,,
FS17_BRM4IA_D13,IL,FSA,A,312,,
FS17_BRM4IB_D13,IL,FSA,B,312,,
FS17_BRM4IC_D13,IL,FSA,C,312,,
FS18_BRM3A_D13,NS,FSB,A,312,,
FS18_BRM3B_D13,NS,FSB,B,312,,
FS18_BRM3C_D13,NS,FSB,C,312,,
FS18_BRM4A_D13,MM,FSB,A,312,,
FS18_BRM4B_D13,MM,FSB,B,312,,
FS18_BRM4C_D13,MM,FSB,C,312,,
FS18_BRM4IA_D13,IL,FSB,A,312,,
FS18_BRM4IB_D13,IL,FSB,B,312,,
FS18_BRM4IC_D13,IL,FSB,C,312,,
FS18_BRM5A_D13,5MM,FSB,A,312,,
FS18_BRM5B_D13,5MM,FSB,B,312,,
FS18_BRM5C_D13,5MM,FSB,C,312,,
FS17_BRM3A_D14,NS,FSA,A,336,,
FS17_BRM3B_D14,NS,FSA,B,336,,
FS17_BRM4A_D14,MM,FSA,A,336,,
FS17_BRM4B_D14,MM,FSA,B,336,,
FS17_BRM4C_D14,MM,FSA,C,336,,
FS17_BRM4IA_D14,IL,FSA,A,336,,
FS17_BRM4IB_D14,IL,FSA,B,336,,
FS17_BRM4IC_D14,IL,FSA,C,336,,
FS18_BRM3A_D14,NS,FSB,A,336,,
FS18_BRM3B_D14,NS,FSB,B,336,,
FS18_BRM3C_D14,NS,FSB,C,336,,
FS18_BRM4A_D14,MM,FSB,A,336,,
FS18_BRM4B_D14,MM,FSB,B,336,,
FS18_BRM4C_D14,MM,FSB,C,336,,
FS18_BRM4IA_D14,IL,FSB,A,336,,
FS18_BRM4IB_D14,IL,FSB,B,336,,
FS18_BRM4IC_D14,IL,FSB,C,336,,
FS18_BRM5A_D14,5MM,FSB,A,336,,
FS18_BRM5B_D14,5MM,FSB,B,336,,
FS18_BRM5C_D14,5MM,FSB,C,336,,
FS17_BRM3A_D15,NS,FSA,A,360,,
FS17_BRM3B_D15,NS,FSA,B,360,,
FS17_BRM4A_D15,MM,FSA,A,360,,
FS17_BRM4B_D15,MM,FSA,B,360,,
FS17_BRM4C_D15,MM,FSA,C,360,,
FS17_BRM4IA_D15,IL,FSA,A,360,,
FS17_BRM4IB_D15,IL,FSA,B,360,,
FS17_BRM4IC_D15,IL,FSA,C,360,,
FS18_BRM3A_D15,NS,FSB,A,360,,
FS18_BRM3B_D15,NS,FSB,B,360,,
FS18_BRM3C_D15,NS,FSB,C,360,,
FS18_BRM4A_D15,MM,FSB,A,360,,
FS18_BRM4B_D15,MM,FSB,B,360,,
FS18_BRM4C_D15,MM,FSB,C,360,,
FS18_BRM4IA_D15,IL,FSB,A,360,,
FS18_BRM4IB_D15,IL,FSB,B,360,,
FS18_BRM4IC_D15,IL,FSB,C,360,,
FS18_BRM5A_D15,5MM,FSB,A,360,,
FS18_BRM5B_D15,5MM,FSB,B,360,,
FS18_BRM5C_D15,5MM,FSB,C,360,,
FS17_FS,Inoculum,FSA,FS,,,
FS18_FS,Inoculum,FSB,FS,,,
